SubscriberIdentityNumber,Phone Number,Subscriber Name,SSN,Subscriber Age,State,Zip Code,SubscribedFromDate,Internet Service,SMS Service,Churn Status
3.45279E+14,1654788999,Mike,214448881,25,Arizona,85005,1/12/2018,Active,Active,Active
3.45279E+14,1888777222,John,214448882,15,Florida,33130,12/12/2018,Active,Active,Active
3.45279E+14,1122765445,James,214448883,45,Newyork,10005,5/25/2018,Active,Active,Active
3.45279E+14,10,Robert,214448884,62,Newyork,10006,11/5/2017,InActive,,Active
3.45279E+14,1590741891,Thomas,214448885,15,Newyork,10007,4/18/2017,Active,Active,
3.45279E+14,20,Charles,214448886,33,Newyork,10008,9/29/2019,Active,Active,Active
3.45279E+14,1058718337,Sam,214448887,22,Newyork,10009,3/12/2016,Active,Active,Active
3.45279E+14,1292706560,Antony,214448888,78,Newyork,10010,8/24/2015,Active,Active,Active
3.45279E+14,1526694783,Raj,214448889,55,Newyork,10011,2/4/2019,Active,Active,
3.45279E+14,1526694784,Brian,214448890,44,Newyork,10012,2/5/2019,Active,Active,Active
3.45279E+14,1526694785,Edward,214448891,33,Newyork,10013,2/6/2019,Active,Active,Active
3.45279E+14,1526694786,Gary,214448892,22,Newyork,10014,2/7/2019,Active,Active,Active
3.45279E+14,1526694787,Rinold,214448893,45,Newyork,10015,2/8/2019,InActive,Active,Active
3.45279E+14,10,Timoty,214448894,54,Newyork,10016,2/9/2019,InActive,Active,Active
3.45279E+14,1526694789,Narry,214448895,44,Newyork,10017,2/10/2019,InActive,Active,Active
3.45279E+14,1526694790,Nicholos,214448896,33,Newyork,10018,2/11/2019,Active,Active,Active
3.45279E+14,10,Samuel,214448897,67,Newyork,10019,2/12/2019,Active,Active,Active
3.45279E+14,1526694792,Jose,214448898,22,Newyork,10020,2/13/2019,Active,Active,Active
3.45279E+14,1526694793,Henry,214448899,34,Newyork,10021,2/14/2019,Active,Active,Active
3.45279E+14,1526694794,Austin,214448900,35,Newjersy,7039,2/15/2019,Active,Active,Active
3.45279E+14,1526694795,Mike,214448901,36,North Carolina,27565,2/16/2019,Active,Active,Active
3.45279E+14,1526694796,John,214448902,37,Newyork,10005,2/17/2019,Active,Active,Active
3.45279E+14,1526694797,James,214448903,38,Newyork,10006,2/18/2019,Active,Active,Active
3.45279E+14,1526694798,Robert,214448904,39,Newyork,10007,1/20/2019,Active,Active,Active
3.45279E+14,1526694799,Thomas,214448905,40,Newyork,10008,1/21/2019,Active,Active,Active
3.45279E+14,1526694800,Charles,214448906,25,Newyork,10009,1/22/2019,Active,Active,Active
3.45279E+14,1526694801,Sam,214448907,26,Newyork,10010,1/23/2019,Active,Active,Active
3.45279E+14,1526694802,Antony,214448908,27,Newyork,10011,1/24/2019,Active,Active,Active
3.45279E+14,1526694803,Raj,214448909,28,Newyork,10012,1/25/2019,Active,Active,Active
3.45279E+14,1526694804,Brian,214448910,29,Newyork,10013,1/26/2019,Active,Active,Active
3.45279E+14,1526694805,Edward,214448911,30,Newyork,10014,1/27/2019,Active,Active,Active
3.45279E+14,1526694806,Gary,214448912,31,Newyork,10015,3/20/2020,Active,Active,Active
3.45279E+14,1526694807,Rinold,214448913,32,Newyork,10016,3/21/2020,InActive,Active,Active
3.45279E+14,1526694808,Timoty,214448914,33,Newyork,10017,3/22/2020,Active,Active,Active
3.45279E+14,1526694809,Narry,214448915,34,Newyork,10018,3/23/2020,Active,Active,Active
3.45279E+14,1526694810,Nicholos,214448916,35,Newyork,10019,3/24/2020,Active,Active,Active
3.45279E+14,1526694811,Samuel,214448917,36,Newyork,10020,3/25/2020,Active,Active,Active
3.45279E+14,1526694812,Jose,214448918,37,Newyork,10021,12/1/2018,Active,Active,Active
3.45279E+14,1526694813,Henry,214448919,38,Ohio,44102,12/2/2018,Active,Active,Active
3.45279E+14,1526694814,Austin,214448920,39,Ohio,44103,12/3/2018,Active,Active,Active
3.45279E+14,1526694815,Mike,214448921,40,Ohio,44104,12/4/2018,Active,Active,Active
3.45279E+14,1526694816,John,214448922,41,Ohio,44105,12/5/2018,Active,Active,Active
3.45279E+14,1526694817,James,214448923,42,Ohio,44106,12/6/2018,Active,Active,Active
3.45279E+14,1526694818,Robert,214448924,43,Ohio,44107,12/7/2018,Active,Active,Active
3.45279E+14,1526694819,Thomas,214448925,44,Ohio,44108,12/8/2018,Active,Active,Active
3.45279E+14,1526694820,Charles,214448926,33,Ohio,44109,12/9/2018,Active,Active,Active
3.45279E+14,1526694821,Sam,214448927,23,Ohio,44110,12/10/2018,Active,Active,Active
3.45279E+14,1526694822,Antony,214448928,78,Ohio,44111,12/11/2018,InActive,Active,Active
3.45279E+14,1526694823,Raj,214448929,68,Ohio,44112,12/12/2018,Active,Active,Active
3.45279E+14,1526694824,Brian,214448930,57,Ohio,44113,12/13/2018,Active,Active,Active
3.45279E+14,1526694825,Edward,214448931,25,Ohio,44114,1/12/2018,Active,Active,Active
3.45279E+14,1526694826,Gary,214448932,15,Ohio,44115,12/12/2018,Active,Active,Active
3.45279E+14,1526694827,Rinold,214448933,45,Ohio,44116,5/25/2018,Active,Active,Active
3.45279E+14,1526694828,Timoty,214448934,62,Ohio,44117,11/5/2017,Active,Active,Active
3.45279E+14,1526694829,Narry,214448935,15,Ohio,44118,4/18/2017,Active,Active,Active
3.45279E+14,1526694830,Nicholos,214448936,33,Ohio,44119,9/29/2019,Active,Active,Active
3.45279E+14,1526694831,Samuel,214448937,22,Ohio,44120,3/12/2016,Active,Active,Active
3.45279E+14,1526694832,Jose,214448938,78,Ohio,44121,8/24/2015,Active,Active,Active
3.45279E+14,1526694833,Henry,214448939,55,Ohio,44122,2/4/2019,Active,Active,Active
3.45279E+14,1526694834,Austin,214448940,44,Ohio,44123,2/5/2019,Active,Active,Active
3.45279E+14,1526694835,Mike,214448941,33,Ohio,44124,2/6/2019,Active,Active,Active
3.45279E+14,1526694836,John,214448942,22,Ohio,44125,2/7/2019,Active,Active,Active
3.45279E+14,1526694837,James,214448943,45,Ohio,44126,2/8/2019,Active,Active,Active
3.45279E+14,1526694838,Robert,214448944,54,Ohio,44127,2/9/2019,Active,Active,Active
3.45279E+14,1526694839,Thomas,214448945,44,Ohio,44128,2/10/2019,InActive,Active,Active
3.45279E+14,1526694840,Charles,214448946,33,Ohio,44129,2/11/2019,Active,Active,Active
3.45279E+14,1526694841,Sam,214448947,67,Ohio,44130,2/12/2019,Active,Active,Active
3.45279E+14,1526694842,Antony,214448948,22,Ohio,44131,2/13/2019,Active,Active,Active
3.45279E+14,1526694843,Raj,214448949,34,Ohio,44132,2/14/2019,Active,Active,Active
3.45279E+14,1526694844,Brian,214448950,35,Ohio,44133,2/15/2019,Active,Active,Active
3.45279E+14,1526694845,Edward,214448951,36,Ohio,44134,2/16/2019,Active,Active,Active
3.45279E+14,1526694846,Gary,214448952,37,Ohio,44135,2/17/2019,Active,Active,Active
3.45279E+14,1526694847,Rinold,214448953,38,Ohio,44136,2/18/2019,Active,Active,Active
3.45279E+14,1526694848,Timoty,214448954,39,Ohio,44137,1/20/2019,Active,Active,Active
3.45279E+14,1526694849,Narry,214448955,40,Ohio,44138,1/21/2019,Active,Active,Active
3.45279E+14,1526694850,Nicholos,214448956,25,Ohio,44139,1/22/2019,Active,Active,Active
3.45279E+14,1526694851,Samuel,214448957,26,Ohio,44140,1/23/2019,Active,Active,Active
3.45279E+14,1526694852,Jose,214448958,27,Ohio,44141,1/24/2019,Active,Active,Active
3.45279E+14,1526694853,Henry,214448959,28,Ohio,44142,1/25/2019,Active,Active,Active
3.45279E+14,1526694854,Austin,214448960,29,Ohio,44143,1/26/2019,Active,Active,Active
3.45279E+14,1526694855,Mike,214448961,30,Michigan,49735,1/27/2019,Active,,Active
3.45279E+14,1526694856,John,214448962,31,Michigan,49735,3/20/2020,Active,Active,Active
3.45279E+14,1526694857,James,214448963,32,Michigan,49735,3/21/2020,InActive,Active,Active
3.45279E+14,1526694858,Robert,214448964,33,Michigan,49735,3/22/2020,Active,Active,Active
3.45279E+14,1526694859,Thomas,214448965,34,Michigan,49735,3/23/2020,Active,Active,Active
3.4528E+14,1526694860,Charles,214448966,35,Michigan,49735,3/24/2020,Active,Active,
3.4528E+14,1526694861,Sam,214448967,36,Michigan,49735,3/25/2020,Active,Active,Active
3.4528E+14,1526694862,Antony,214448968,37,Michigan,49735,12/1/2018,Active,Active,Active
3.4528E+14,1526694863,Raj,214448969,38,Michigan,49735,12/2/2018,Active,Active,Active
3.4528E+14,1526694864,Brian,214448970,39,Michigan,49735,12/3/2018,Active,Active,Active
3.4528E+14,1526694865,Edward,214448971,40,Michigan,49735,12/4/2018,Active,Active,Active
3.4528E+14,1526694866,Gary,214448972,41,Michigan,49735,12/5/2018,Active,Active,Active
3.4528E+14,1526694867,Rinold,214448973,42,Michigan,49735,12/6/2018,Active,Active,Active
3.4528E+14,1526694868,Timoty,214448974,43,Michigan,49735,12/7/2018,Active,Active,Active
3.4528E+14,1526694869,Narry,214448975,44,Michigan,49735,12/8/2018,Active,Active,Active
3.4528E+14,1526694870,Nicholos,214448976,33,Michigan,49735,12/9/2018,Active,Active,Active
3.4528E+14,1526694871,Samuel,214448977,23,Michigan,49735,12/10/2018,Active,Active,Active
3.4528E+14,1526694872,Jose,214448978,78,Michigan,49735,12/11/2018,InActive,Active,Active
3.4528E+14,1526694873,Henry,214448979,68,Michigan,49735,12/12/2018,Active,Active,Active
3.4528E+14,1526694874,Austin,214448980,57,Michigan,49735,12/13/2018,Active,Active,Active
3.4528E+14,1526694875,Mike,214448981,25,Arizona,85005,1/12/2018,Active,Active,Active
3.4528E+14,1526694876,John,214448982,15,Florida,33130,12/12/2018,Active,Active,Active
3.4528E+14,1526694877,James,214448983,45,Newyork,10005,5/25/2018,Active,Active,Active
3.4528E+14,1526694878,Robert,214448984,62,Newyork,10006,11/5/2017,Active,Active,Active
3.4528E+14,1526694879,Thomas,214448985,15,Newyork,10007,4/18/2017,Active,Active,Active
3.4528E+14,1526694880,Charles,214448986,33,Newyork,10008,9/29/2019,Active,Active,Active
3.4528E+14,1526694881,Sam,214448987,22,Newyork,10009,3/12/2016,Active,Active,Active
3.4528E+14,1526694882,Antony,214448988,78,Newyork,10010,8/24/2015,Active,,Active
3.4528E+14,1526694883,Raj,214448989,55,Newyork,10011,2/4/2019,Active,Active,Active
3.4528E+14,1526694884,Brian,214448990,44,Newyork,10012,2/5/2019,Active,Active,Active
3.4528E+14,1526694885,Edward,214448991,33,Newyork,10013,2/6/2019,Active,Active,Active
3.4528E+14,1526694886,Gary,214448992,22,Newyork,10014,2/7/2019,Active,Active,Active
3.4528E+14,1526694887,Rinold,214448993,45,Newyork,10015,2/8/2019,InActive,Active,Active
3.4528E+14,1526694888,Timoty,214448994,54,Newyork,10016,2/9/2019,Active,Active,Active
3.4528E+14,1526694889,Narry,214448995,44,Newyork,10017,2/10/2019,Active,Active,Active
3.4528E+14,1526694890,Nicholos,214448996,33,Newyork,10018,2/11/2019,Active,Active,Active
3.4528E+14,1526694891,Samuel,214448997,67,Newyork,10019,2/12/2019,Active,Active,Active
3.4528E+14,1526694892,Jose,214448998,22,Newyork,10020,2/13/2019,Active,Active,Active
3.4528E+14,1526694893,Henry,214448999,34,Newyork,10021,2/14/2019,Active,Active,Active
3.4528E+14,1526694894,Austin,214449000,35,Newjersy,7039,2/15/2019,Active,Active,Active
3.4528E+14,1526694895,Mike,214449001,36,North Carolina,27565,2/16/2019,Active,Active,Active
3.4528E+14,1526694896,John,214449002,37,Newyork,10005,2/17/2019,Active,Active,Active
3.4528E+14,1526694897,James,214449003,38,Newyork,10006,2/18/2019,Active,Active,Active
3.4528E+14,1526694898,Robert,214449004,39,Newyork,10007,1/20/2019,Active,Active,
3.4528E+14,1526694899,Thomas,214449005,40,Newyork,10008,1/21/2019,Active,Active,Active
3.4528E+14,1526694900,Charles,214449006,25,Newyork,10009,1/22/2019,Active,Active,Active
3.4528E+14,1526694901,Sam,214449007,26,Newyork,10010,1/23/2019,Active,Active,Active
3.4528E+14,1526694902,Antony,214449008,27,Newyork,10011,1/24/2019,Active,Active,Active
3.4528E+14,1526694903,Raj,214449009,28,Newyork,10012,1/25/2019,Active,Active,Active
3.4528E+14,1526694904,Brian,214449010,29,Newyork,10013,1/26/2019,Active,Active,Active
3.4528E+14,1526694905,Edward,214449011,30,Newyork,10014,1/27/2019,Active,Active,Active
3.4528E+14,1526694906,Gary,214449012,31,Newyork,10015,3/20/2020,Active,Active,Active
3.4528E+14,1526694907,Rinold,214449013,32,Newyork,10016,3/21/2020,Active,Active,Active
3.4528E+14,1526694908,Timoty,214449014,33,Newyork,10017,3/22/2020,Active,Active,Active
3.4528E+14,1526694909,Narry,214449015,34,Newyork,10018,3/23/2020,Active,Active,Active
3.4528E+14,1526694910,Nicholos,214449016,35,Newyork,10019,3/24/2020,Active,Active,Active
3.4528E+14,1526694911,Samuel,214449017,36,Newyork,10020,3/25/2020,Active,,Active
3.4528E+14,1526694912,Jose,214449018,37,Newyork,10021,12/1/2018,Active,Active,Active
3.4528E+14,1526694913,Henry,214449019,38,Ohio,44102,12/2/2018,Active,Active,Active
3.4528E+14,1526694914,Austin,214449020,39,Ohio,44103,12/3/2018,Active,Active,Active
3.4528E+14,1526694915,Mike,214449021,40,Ohio,44104,12/4/2018,Active,Active,Active
3.4528E+14,1526694916,John,214449022,41,Ohio,44105,12/5/2018,Active,Active,Active
3.4528E+14,1526694917,James,214449023,42,Ohio,44106,12/6/2018,Active,Active,Active
3.4528E+14,1526694918,Robert,214449024,43,Ohio,44107,12/7/2018,Active,Active,Active
3.4528E+14,1526694919,Thomas,214449025,44,Ohio,44108,12/8/2018,Active,Active,Active
3.4528E+14,1526694920,Charles,214449026,33,Ohio,44109,12/9/2018,Active,Active,Active
3.4528E+14,1526694921,Sam,214449027,23,Ohio,44110,12/10/2018,Active,Active,Active
3.4528E+14,1526694922,Antony,214449028,78,Ohio,44111,12/11/2018,Active,Active,Active
3.4528E+14,1526694923,Raj,214449029,68,Ohio,44112,12/12/2018,Active,Active,Active
3.4528E+14,1526694924,Brian,214449030,57,Ohio,44113,12/13/2018,Active,Active,Active
3.4528E+14,1526694925,Edward,214449031,25,Ohio,44114,1/12/2018,Active,Active,Active
3.4528E+14,1526694926,Gary,214449032,15,Ohio,44115,12/12/2018,Active,Active,Active
3.4528E+14,1526694927,Rinold,214449033,45,Ohio,44116,5/25/2018,Active,Active,Active
3.4528E+14,1526694928,Timoty,214449034,62,Ohio,44117,11/5/2017,Active,Active,Active
3.4528E+14,1526694929,Narry,214449035,15,Ohio,44118,4/18/2017,Active,Active,Active
3.4528E+14,1526694930,Nicholos,214449036,33,Ohio,44119,9/29/2019,Active,Active,Active
3.4528E+14,1526694931,Samuel,214449037,22,Ohio,44120,3/12/2016,Active,Active,Active
3.4528E+14,1526694932,Jose,214449038,78,Ohio,44121,8/24/2015,Active,Active,Active
3.4528E+14,1526694933,Henry,214449039,55,Ohio,44122,2/4/2019,Active,Active,Active
3.4528E+14,1526694934,Austin,214449040,44,Ohio,44123,2/5/2019,Active,Active,Active
3.4528E+14,1526694935,Mike,214449041,33,Ohio,44124,2/6/2019,Active,Active,Active
3.4528E+14,1526694936,John,214449042,22,Ohio,44125,2/7/2019,Active,Active,Active
3.4528E+14,1526694937,James,214449043,45,Ohio,44126,2/8/2019,Active,Active,Active
3.4528E+14,1526694938,Robert,214449044,54,Ohio,44127,2/9/2019,Active,Active,Active
3.4528E+14,1526694939,Thomas,214449045,44,Ohio,44128,2/10/2019,Active,Active,Active
3.4528E+14,1526694940,Charles,214449046,33,Ohio,44129,2/11/2019,Active,Active,Active
3.4528E+14,1526694941,Sam,214449047,67,Ohio,44130,2/12/2019,Active,Active,Active
3.4528E+14,1526694942,Antony,214449048,22,Ohio,44131,2/13/2019,Active,Active,Active
3.4528E+14,1526694943,Raj,214449049,34,Ohio,44132,2/14/2019,Active,Active,Active
3.4528E+14,1526694944,Brian,214449050,35,Ohio,44133,2/15/2019,Active,Active,Active
3.4528E+14,1526694945,Edward,214449051,36,Ohio,44134,2/16/2019,Active,Active,Active
3.4528E+14,1526694946,Gary,214449052,37,Ohio,44135,2/17/2019,Active,Active,Active
3.4528E+14,1526694947,Rinold,214449053,38,Ohio,44136,2/18/2019,Active,Active,InActive
3.4528E+14,1526694948,Timoty,214449054,39,Ohio,44137,1/20/2019,Active,Active,Active
3.4528E+14,1526694949,Narry,214449055,40,Ohio,44138,1/21/2019,Active,Active,Active
3.4528E+14,1526694950,Nicholos,214449056,25,Ohio,44139,1/22/2019,Active,Active,Active
3.4528E+14,1526694951,Samuel,214449057,26,Ohio,44140,1/23/2019,Active,Active,Active
3.4528E+14,1526694952,Jose,214449058,27,Ohio,44141,1/24/2019,Active,Active,Active
3.4528E+14,1526694953,Henry,214449059,28,Ohio,44142,1/25/2019,Active,Active,Active
3.4528E+14,1526694954,Austin,214449060,29,Ohio,44143,1/26/2019,Active,Active,Active
3.4528E+14,1526694955,Mike,214449061,30,Michigan,49735,1/27/2019,Active,Active,Active
3.4528E+14,1526694956,John,214449062,31,Michigan,49735,3/20/2020,Active,Active,Active
3.4528E+14,1526694957,James,214449063,32,Michigan,49735,3/21/2020,Active,Active,Active
3.4528E+14,1526694958,Robert,214449064,33,Michigan,49735,3/22/2020,Active,Active,NA
3.4528E+14,1526694959,Thomas,214449065,34,Michigan,49735,3/23/2020,Active,Active,Active
3.45281E+14,1526694960,Charles,214449066,35,Michigan,49735,3/24/2020,Active,Active,Active
3.45281E+14,1526694961,Sam,214449067,36,Michigan,49735,3/25/2020,Active,Active,Active
3.45281E+14,1526694962,Antony,214449068,37,Michigan,49735,12/1/2018,Active,Active,Active
3.45281E+14,1526694963,Raj,214449069,38,Michigan,49735,12/2/2018,Active,Active,Active
3.45281E+14,1526694964,Brian,214449070,39,Michigan,49735,12/3/2018,Active,Active,Active
3.45281E+14,1526694965,Edward,214449071,40,Michigan,49735,12/4/2018,Active,Active,Active
3.45281E+14,1526694966,Gary,214449072,41,Michigan,49735,12/5/2018,Active,Active,InActive
3.45281E+14,1526694967,Rinold,214449073,42,Michigan,49735,12/6/2018,Active,Active,Active
3.45281E+14,1526694968,Timoty,214449074,43,Michigan,49735,12/7/2018,Active,Active,Active
3.45281E+14,1526694969,Narry,214449075,44,Michigan,49735,12/8/2018,Active,Active,Active
3.45281E+14,1526694970,Nicholos,214449076,33,Michigan,49735,12/9/2018,Active,Active,Active
3.45281E+14,1526694971,Samuel,214449077,23,Michigan,49735,12/10/2018,Active,Active,Active
3.45281E+14,1526694972,Jose,214449078,78,Michigan,49735,12/11/2018,Active,Active,Active
3.45281E+14,1526694973,Henry,214449079,68,Michigan,49735,12/12/2018,Active,Active,Active
3.45281E+14,1526694974,Austin,214449080,57,Michigan,49735,12/13/2018,Active,Active,Active
3.45281E+14,1526694975,Mike,214449081,25,Arizona,85005,1/12/2018,Active,Active,Active
3.45281E+14,1526694976,John,214449082,15,Florida,33130,12/12/2018,Active,Active,Active
3.45281E+14,1526694977,James,214449083,45,Newyork,10005,5/25/2018,Active,Active,InActive
3.45281E+14,1526694978,Robert,214449084,62,Newyork,10006,11/5/2017,Active,Active,Active
3.45281E+14,1526694979,Thomas,214449085,15,Newyork,10007,4/18/2017,Active,Active,Active
3.45281E+14,1526694980,Charles,214449086,33,Newyork,10008,9/29/2019,Active,Active,Active
3.45281E+14,1526694981,Sam,214449087,22,Newyork,10009,3/12/2016,Active,Active,Active
3.45281E+14,1526694982,Antony,214449088,78,Newyork,10010,8/24/2015,Active,Active,Active
3.45281E+14,1526694983,Raj,214449089,55,Newyork,10011,2/4/2019,Active,Active,Active
3.45281E+14,1526694984,Brian,214449090,44,Newyork,10012,2/5/2019,Active,Active,Active
3.45281E+14,1526694985,Edward,214449091,33,Newyork,10013,2/6/2019,Active,Active,Active
3.45281E+14,1526694986,Gary,214449092,22,Newyork,10014,2/7/2019,Active,Active,Active
3.45281E+14,1526694987,Rinold,214449093,45,Newyork,10015,2/8/2019,Active,Active,Active
3.45281E+14,1526694988,Timoty,214449094,54,Newyork,10016,2/9/2019,Active,Active,Active
3.45281E+14,1526694989,Narry,214449095,44,Newyork,10017,2/10/2019,Active,Active,Active
3.45281E+14,1526694990,Nicholos,214449096,33,Newyork,10018,2/11/2019,Active,Active,InActive
3.45281E+14,1526694991,Samuel,214449097,67,Newyork,10019,2/12/2019,Active,Active,Active
3.45281E+14,1526694992,Jose,214449098,22,Newyork,10020,2/13/2019,Active,Active,Active
3.45281E+14,1526694993,Henry,214449099,34,Newyork,10021,2/14/2019,Active,Active,Active
3.45281E+14,1526694994,Austin,214449100,35,Newjersy,7039,2/15/2019,Active,Active,Active
3.45281E+14,1526694995,Mike,214449101,36,North Carolina,27565,2/16/2019,Active,Active,Active
3.45281E+14,1526694996,John,214449102,37,Newyork,10005,2/17/2019,Active,Active,Active
3.45281E+14,1526694997,James,214449103,38,Newyork,10006,2/18/2019,Active,Active,Active
3.45281E+14,1526694998,Robert,214449104,39,Newyork,10007,1/20/2019,Active,Active,Active
3.45281E+14,1526694999,Thomas,214449105,40,Newyork,10008,1/21/2019,Active,Active,Active
3.45281E+14,1526695000,Charles,214449106,25,Newyork,10009,1/22/2019,Active,Active,Active
3.45281E+14,1526695001,Sam,214449107,26,Newyork,10010,1/23/2019,Active,Active,Active
3.45281E+14,1526695002,Antony,214449108,27,Newyork,10011,1/24/2019,Active,Active,Active
3.45281E+14,1526695003,Raj,214449109,28,Newyork,10012,1/25/2019,Active,Active,Active
3.45281E+14,1526695004,Brian,214449110,29,Newyork,10013,1/26/2019,Active,Active,Active
3.45281E+14,1526695005,Edward,214449111,30,Newyork,10014,1/27/2019,Active,Active,InActive
3.45281E+14,1526695006,Gary,214449112,31,Newyork,10015,3/20/2020,Active,Active,Active
3.45281E+14,1526695007,Rinold,214449113,32,Newyork,10016,3/21/2020,Active,Active,Active
3.45281E+14,1526695008,Timoty,214449114,33,Newyork,10017,3/22/2020,Active,Active,Active
3.45281E+14,1526695009,Narry,214449115,34,Newyork,10018,3/23/2020,Active,Active,Active
3.45281E+14,1526695010,Nicholos,214449116,35,Newyork,10019,3/24/2020,Active,Active,Active
3.45281E+14,1526695011,Samuel,214449117,36,Newyork,10020,3/25/2020,Active,Active,Active
3.45281E+14,1526695012,Jose,214449118,37,Newyork,10021,12/1/2018,Active,Active,Active
3.45281E+14,1526695013,Henry,214449119,38,Ohio,44102,12/2/2018,Active,Active,Active
3.45281E+14,1526695014,Austin,214449120,39,Ohio,44103,12/3/2018,Active,Active,NA
3.45281E+14,1526695015,Mike,214449121,40,Ohio,44104,12/4/2018,Active,Active,Active
3.45281E+14,1526695016,John,214449122,41,Ohio,44105,12/5/2018,Active,Active,Active
3.45281E+14,1526695017,James,214449123,42,Ohio,44106,12/6/2018,Active,Active,Active
3.45281E+14,1526695018,Robert,214449124,43,Ohio,44107,12/7/2018,Active,Active,Active
3.45281E+14,1526695019,Thomas,214449125,44,Ohio,44108,12/8/2018,Active,Active,Active
3.45281E+14,1526695020,Charles,214449126,33,Ohio,44109,12/9/2018,Active,Active,Active
3.45281E+14,1526695021,Sam,214449127,23,Ohio,44110,12/10/2018,Active,Active,Active
3.45281E+14,1526695022,Antony,214449128,78,Ohio,44111,12/11/2018,Active,Active,Active
3.45281E+14,1526695023,Raj,214449129,68,Ohio,44112,12/12/2018,Active,Active,Active
3.45281E+14,1526695024,Brian,214449130,57,Ohio,44113,12/13/2018,Active,Active,Active
3.45281E+14,1526695025,Edward,214449131,25,Ohio,44114,1/12/2018,Active,Active,Active
3.45281E+14,1526695026,Gary,214449132,15,Ohio,44115,12/12/2018,Active,Active,Active
3.45281E+14,1526695027,Rinold,214449133,45,Ohio,44116,5/25/2018,Active,Active,Active
3.45281E+14,1526695028,Timoty,214449134,62,Ohio,44117,11/5/2017,Active,Active,Active
3.45281E+14,1526695029,Narry,214449135,15,Ohio,44118,4/18/2017,Active,Active,Active
3.45281E+14,1526695030,Nicholos,214449136,33,Ohio,44119,9/29/2019,Active,Active,Active
3.45281E+14,1526695031,Samuel,214449137,22,Ohio,44120,3/12/2016,Active,Active,InActive
3.45281E+14,1526695032,Jose,214449138,78,Ohio,44121,8/24/2015,Active,Active,Active
3.45281E+14,1526695033,Henry,214449139,55,Ohio,44122,2/4/2019,Active,Active,Active
3.45281E+14,1526695034,Austin,214449140,44,Ohio,44123,2/5/2019,Active,Active,Active
3.45281E+14,1526695035,Mike,214449141,33,Ohio,44124,2/6/2019,Active,Active,Active
3.45281E+14,1526695036,John,214449142,22,Ohio,44125,2/7/2019,Active,Active,Active
3.45281E+14,1526695037,James,214449143,45,Ohio,44126,2/8/2019,Active,Active,Active
3.45281E+14,1526695038,Robert,214449144,54,Ohio,44127,2/9/2019,Active,Active,Active
3.45281E+14,1526695039,Thomas,214449145,44,Ohio,44128,2/10/2019,Active,Active,Active
3.45281E+14,1526695040,Charles,214449146,33,Ohio,44129,2/11/2019,Active,Active,Active
3.45281E+14,1526695041,Sam,214449147,67,Ohio,44130,2/12/2019,Active,Active,Active
3.45281E+14,1526695042,Antony,214449148,22,Ohio,44131,2/13/2019,Active,Active,Active
3.45281E+14,1526695043,Raj,214449149,34,Ohio,44132,2/14/2019,Active,Active,Active
3.45281E+14,1526695044,Brian,214449150,35,Ohio,44133,2/15/2019,Active,Active,InActive
3.45281E+14,1526695045,Edward,214449151,36,Ohio,44134,2/16/2019,Active,Active,Active
3.45281E+14,1526695046,Gary,214449152,37,Ohio,44135,2/17/2019,Active,Active,Active
3.45281E+14,1526695047,Rinold,214449153,38,Ohio,44136,2/18/2019,Active,Active,Active
3.45281E+14,1526695048,Timoty,214449154,39,Ohio,44137,1/20/2019,Active,Active,Active
3.45281E+14,1526695049,Narry,214449155,40,Ohio,44138,1/21/2019,Active,Active,Active
3.45281E+14,1526695050,Nicholos,214449156,25,Ohio,44139,1/22/2019,Active,Active,Active
3.45281E+14,1526695051,Samuel,214449157,26,Ohio,44140,1/23/2019,Active,Active,Active
3.45281E+14,1526695052,Jose,214449158,27,Ohio,44141,1/24/2019,Active,Active,Active
3.45281E+14,1526695053,Henry,214449159,28,Ohio,44142,1/25/2019,Active,Active,Active
3.45281E+14,1526695054,Austin,214449160,29,Ohio,44143,1/26/2019,Active,Active,Active
3.45281E+14,1526695055,Mike,214449161,30,Michigan,49735,1/27/2019,Active,Active,InActive
3.45281E+14,1526695056,John,214449162,31,Michigan,49735,3/20/2020,Active,Active,Active
3.45281E+14,1526695057,James,214449163,32,Michigan,49735,3/21/2020,Active,Active,Active
3.45281E+14,1526695058,Robert,214449164,33,Michigan,49735,3/22/2020,Active,Active,Active
3.45281E+14,1526695059,Thomas,214449165,34,Michigan,49735,3/23/2020,Active,Active,Active
3.45282E+14,1526695060,Charles,214449166,35,Michigan,49735,3/24/2020,Active,Active,Active
3.45282E+14,1526695061,Sam,214449167,36,Michigan,49735,3/25/2020,Active,Active,Active
3.45282E+14,1526695062,Antony,214449168,37,Michigan,49735,12/1/2018,Active,Active,Active
3.45282E+14,1526695063,Raj,214449169,38,Michigan,49735,12/2/2018,Active,Active,Active
3.45282E+14,1526695064,Brian,214449170,39,Michigan,49735,12/3/2018,Active,Active,Active
3.45282E+14,1526695065,Edward,214449171,40,Michigan,49735,12/4/2018,Active,Active,Active
3.45282E+14,1526695066,Gary,214449172,41,Michigan,49735,12/5/2018,Active,Active,Active
3.45282E+14,1526695067,Rinold,214449173,42,Michigan,49735,12/6/2018,Active,Active,Active
3.45282E+14,1526695068,Timoty,214449174,43,Michigan,49735,12/7/2018,Active,Active,InActive
3.45282E+14,1526695069,Narry,214449175,44,Michigan,49735,12/8/2018,Active,Active,Active
3.45282E+14,1526695070,Nicholos,214449176,33,Michigan,49735,12/9/2018,Active,Active,Active
3.45282E+14,1526695071,Samuel,214449177,23,Michigan,49735,12/10/2018,Active,Active,Active
3.45282E+14,1526695072,Jose,214449178,78,Michigan,49735,12/11/2018,Active,Active,Active
3.45282E+14,1526695073,Henry,214449179,68,Michigan,49735,12/12/2018,Active,Active,Active
3.45282E+14,1526695074,Austin,214449180,57,Michigan,49735,12/13/2018,Active,Active,Active
3.45282E+14,1526695075,Mike,214449181,25,Arizona,85005,1/12/2018,Active,Active,Active
3.45282E+14,1526695076,John,214449182,15,Florida,33130,12/12/2018,Active,Active,Active
3.45282E+14,1526695077,James,214449183,45,Newyork,10005,5/25/2018,Active,Active,Active
3.45282E+14,1526695078,Robert,214449184,62,Newyork,10006,11/5/2017,Active,Active,Active
3.45282E+14,1526695079,Thomas,214449185,15,Newyork,10007,4/18/2017,Active,Active,Active
3.45282E+14,1526695080,Charles,214449186,33,Newyork,10008,9/29/2019,Active,Active,Active
3.45282E+14,1526695081,Sam,214449187,22,Newyork,10009,3/12/2016,Active,Active,Active
3.45282E+14,1526695082,Antony,214449188,78,Newyork,10010,8/24/2015,Active,Active,Active
3.45282E+14,1526695083,Raj,214449189,55,Newyork,10011,2/4/2019,Active,Active,Active
3.45282E+14,1526695084,Brian,214449190,44,Newyork,10012,2/5/2019,Active,Active,InActive
3.45282E+14,1526695085,Edward,214449191,33,Newyork,10013,2/6/2019,Active,Active,Active
3.45282E+14,1526695086,Gary,214449192,22,Newyork,10014,2/7/2019,Active,Active,Active
3.45282E+14,1526695087,Rinold,214449193,45,Newyork,10015,2/8/2019,Active,Active,Active
3.45282E+14,1526695088,Timoty,214449194,54,Newyork,10016,2/9/2019,Active,Active,Active
3.45282E+14,1526695089,Narry,214449195,44,Newyork,10017,2/10/2019,Active,Active,Active
3.45282E+14,1526695090,Nicholos,214449196,33,Newyork,10018,2/11/2019,Active,Active,Active
3.45282E+14,1526695091,Samuel,214449197,67,Newyork,10019,2/12/2019,Active,Active,Active
3.45282E+14,1526695092,Jose,214449198,22,Newyork,10020,2/13/2019,Active,Active,Active
3.45282E+14,1526695093,Henry,214449199,34,Newyork,10021,2/14/2019,Active,Active,Active
3.45282E+14,1526695094,Austin,214449200,35,Newjersy,7039,2/15/2019,Active,Active,Active
3.45282E+14,1526695095,Mike,214449201,36,North Carolina,27565,2/16/2019,Active,Active,Active
3.45282E+14,1526695096,John,214449202,37,Newyork,10005,2/17/2019,Active,Active,Active
3.45282E+14,1526695097,James,214449203,38,Newyork,10006,2/18/2019,Active,Active,Active
3.45282E+14,1526695098,Robert,214449204,39,Newyork,10007,1/20/2019,Active,Active,InActive
3.45282E+14,1526695099,Thomas,214449205,40,Newyork,10008,1/21/2019,Active,Active,Active
3.45282E+14,1526695100,Charles,214449206,25,Newyork,10009,1/22/2019,Active,Active,Active
3.45282E+14,1526695101,Sam,214449207,26,Newyork,10010,1/23/2019,Active,Active,Active
3.45282E+14,1526695102,Antony,214449208,27,Newyork,10011,1/24/2019,Active,Active,Active
3.45282E+14,1526695103,Raj,214449209,28,Newyork,10012,1/25/2019,Active,Active,Active
3.45282E+14,1526695104,Brian,214449210,29,Newyork,10013,1/26/2019,Active,Active,Active
3.45282E+14,1526695105,Edward,214449211,30,Newyork,10014,1/27/2019,Active,Active,Active
3.45282E+14,1526695106,Gary,214449212,31,Newyork,10015,3/20/2020,Active,Active,Active
3.45282E+14,1526695107,Rinold,214449213,32,Newyork,10016,3/21/2020,Active,Active,Active
3.45282E+14,1526695108,Timoty,214449214,33,Newyork,10017,3/22/2020,Active,Active,Active
3.45282E+14,1526695109,Narry,214449215,34,Newyork,10018,3/23/2020,Active,Active,Active
3.45282E+14,1526695110,Nicholos,214449216,35,Newyork,10019,3/24/2020,Active,Active,Active
3.45282E+14,1526695111,Samuel,214449217,36,Newyork,10020,3/25/2020,Active,Active,Active
3.45282E+14,1526695112,Jose,214449218,37,Newyork,10021,12/1/2018,Active,Active,Active
3.45282E+14,1526695113,Henry,214449219,38,Ohio,44102,12/2/2018,Active,Active,Active
3.45282E+14,1526695114,Austin,214449220,39,Ohio,44103,12/3/2018,Active,Active,Active
3.45282E+14,1526695115,Mike,214449221,40,Ohio,44104,12/4/2018,Active,Active,Active
3.45282E+14,1526695116,John,214449222,41,Ohio,44105,12/5/2018,Active,Active,Active
3.45282E+14,1526695117,James,214449223,42,Ohio,44106,12/6/2018,Active,Active,InActive
3.45282E+14,1526695118,Robert,214449224,43,Ohio,44107,12/7/2018,Active,Active,Active
3.45282E+14,1526695119,Thomas,214449225,44,Ohio,44108,12/8/2018,Active,Active,Active
3.45282E+14,1526695120,Charles,214449226,33,Ohio,44109,12/9/2018,Active,Active,Active
3.45282E+14,1526695121,Sam,214449227,23,Ohio,44110,12/10/2018,Active,Active,Active
3.45282E+14,1526695122,Antony,214449228,78,Ohio,44111,12/11/2018,Active,Active,Active
3.45282E+14,1526695123,Raj,214449229,68,Ohio,44112,12/12/2018,Active,Active,Active
3.45282E+14,1526695124,Brian,214449230,57,Ohio,44113,12/13/2018,Active,Active,Active
3.45282E+14,1526695125,Edward,214449231,25,Ohio,44114,1/12/2018,Active,Active,Active
3.45282E+14,1526695126,Gary,214449232,15,Ohio,44115,12/12/2018,Active,Active,Active
3.45282E+14,1526695127,Rinold,214449233,45,Ohio,44116,5/25/2018,Active,Active,Active
3.45282E+14,1526695128,Timoty,214449234,62,Ohio,44117,11/5/2017,Active,Active,Active
3.45282E+14,1526695129,Narry,214449235,15,Ohio,44118,4/18/2017,Active,Active,Active
3.45282E+14,1526695130,Nicholos,214449236,33,Ohio,44119,9/29/2019,Active,Active,Active
3.45282E+14,1526695131,Samuel,214449237,22,Ohio,44120,3/12/2016,Active,Active,Active
3.45282E+14,1526695132,Jose,214449238,78,Ohio,44121,8/24/2015,Active,Active,Active
3.45282E+14,1526695133,Henry,214449239,55,Ohio,44122,2/4/2019,Active,Active,Active
3.45282E+14,1526695134,Austin,214449240,44,Ohio,44123,2/5/2019,Active,Active,Active
3.45282E+14,1526695135,Mike,214449241,33,Ohio,44124,2/6/2019,Active,Active,Active
3.45282E+14,1526695136,John,214449242,22,Ohio,44125,2/7/2019,Active,Active,Active
3.45282E+14,1526695137,James,214449243,45,Ohio,44126,2/8/2019,Active,Active,InActive
3.45282E+14,1526695138,Robert,214449244,54,Ohio,44127,2/9/2019,Active,Active,Active
3.45282E+14,1526695139,Thomas,214449245,44,Ohio,44128,2/10/2019,Active,Active,Active
3.45282E+14,1526695140,Charles,214449246,33,Ohio,44129,2/11/2019,Active,Active,Active
3.45282E+14,1526695141,Sam,214449247,67,Ohio,44130,2/12/2019,Active,Active,InActive
3.45282E+14,1526695142,Antony,214449248,22,Ohio,44131,2/13/2019,Active,Active,InActive
3.45282E+14,1526695143,Raj,214449249,34,Ohio,44132,2/14/2019,Active,Active,InActive
3.45282E+14,1526695144,Brian,214449250,35,Ohio,44133,2/15/2019,Active,Active,Active
3.45282E+14,1526695145,Edward,214449251,36,Ohio,44134,2/16/2019,Active,Active,Active
3.45282E+14,1526695146,Gary,214449252,37,Ohio,44135,2/17/2019,Active,Active,Active
3.45282E+14,1526695147,Rinold,214449253,38,Ohio,44136,2/18/2019,Active,Active,Active
3.45282E+14,1526695148,Timoty,214449254,39,Ohio,44137,1/20/2019,Active,Active,Active
3.45282E+14,1526695149,Narry,214449255,40,Ohio,44138,1/21/2019,Active,Active,Active
3.45282E+14,1526695150,Nicholos,214449256,25,Ohio,44139,1/22/2019,Active,Active,Active
3.45282E+14,1526695151,Samuel,214449257,26,Ohio,44140,1/23/2019,Active,Active,Active
3.45282E+14,1526695152,Jose,214449258,27,Ohio,44141,1/24/2019,Active,Active,Active
3.45282E+14,1526695153,Henry,214449259,28,Ohio,44142,1/25/2019,Active,Active,Active
3.45282E+14,1526695154,Austin,214449260,29,Ohio,44143,1/26/2019,Active,Active,Active
3.45282E+14,1526695155,Mike,214449261,30,Michigan,49735,1/27/2019,Active,Active,Active
3.45282E+14,1526695156,John,214449262,31,Michigan,49735,3/20/2020,Active,Active,Active
3.45282E+14,1526695157,James,214449263,32,Michigan,49735,3/21/2020,Active,Active,InActive
3.45282E+14,1526695158,Robert,214449264,33,Michigan,49735,3/22/2020,Active,Active,Active
3.45282E+14,1526695159,Thomas,214449265,34,Michigan,49735,3/23/2020,Active,Active,Active
3.45283E+14,1526695160,Charles,214449266,35,Michigan,49735,3/24/2020,Active,Active,Active
3.45283E+14,1526695161,Sam,214449267,36,Michigan,49735,3/25/2020,Active,Active,Active
3.45283E+14,1526695162,Antony,214449268,37,Michigan,49735,12/1/2018,Active,Active,Active
3.45283E+14,1526695163,Raj,214449269,38,Michigan,49735,12/2/2018,Active,Active,Active
3.45283E+14,1526695164,Brian,214449270,39,Michigan,49735,12/3/2018,Active,Active,Active
3.45283E+14,1526695165,Edward,214449271,40,Michigan,49735,12/4/2018,Active,Active,Active
3.45283E+14,1526695166,Gary,214449272,41,Michigan,49735,12/5/2018,Active,Active,Active
3.45283E+14,1526695167,Rinold,214449273,42,Michigan,49735,12/6/2018,Active,Active,Active
3.45283E+14,1526695168,Timoty,214449274,43,Michigan,49735,12/7/2018,Active,Active,Active
3.45283E+14,1526695169,Narry,214449275,44,Michigan,49735,12/8/2018,Active,Active,Active
3.45283E+14,1526695170,Nicholos,214449276,33,Michigan,49735,12/9/2018,Active,Active,Active
3.45283E+14,1526695171,Samuel,214449277,23,Michigan,49735,12/10/2018,Active,Active,Active
3.45283E+14,1526695172,Jose,214449278,78,Michigan,49735,12/11/2018,Active,Active,Active
3.45283E+14,1526695173,Henry,214449279,68,Michigan,49735,12/12/2018,Active,Active,Active
3.45283E+14,1526695174,Austin,214449280,57,Michigan,49735,12/13/2018,Active,Active,Active
3.45283E+14,1526695175,Mike,214449281,25,Arizona,85005,1/12/2018,Active,Active,Active
3.45283E+14,1526695176,John,214449282,15,Florida,33130,12/12/2018,Active,Active,Active
3.45283E+14,1526695177,James,214449283,45,Newyork,10005,5/25/2018,Active,Active,Active
3.45283E+14,1526695178,Robert,214449284,62,Newyork,10006,11/5/2017,Active,Active,Active
3.45283E+14,1526695179,Thomas,214449285,15,Newyork,10007,4/18/2017,Active,Active,Active
3.45283E+14,1526695180,Charles,214449286,33,Newyork,10008,9/29/2019,Active,Active,Active
3.45283E+14,1526695181,Sam,214449287,22,Newyork,10009,3/12/2016,Active,Active,Active
3.45283E+14,1526695182,Antony,214449288,78,Newyork,10010,8/24/2015,Active,Active,Active
3.45283E+14,1526695183,Raj,214449289,55,Newyork,10011,2/4/2019,Active,Active,Active
3.45283E+14,1526695184,Brian,214449290,44,Newyork,10012,2/5/2019,Active,Active,Active
3.45283E+14,1526695185,Edward,214449291,33,Newyork,10013,2/6/2019,Active,Active,Active
3.45283E+14,1526695186,Gary,214449292,22,Newyork,10014,2/7/2019,Active,Active,Active
3.45283E+14,1526695187,Rinold,214449293,45,Newyork,10015,2/8/2019,Active,Active,Active
3.45283E+14,1526695188,Timoty,214449294,54,Newyork,10016,2/9/2019,Active,Active,Active
3.45283E+14,1526695189,Narry,214449295,44,Newyork,10017,2/10/2019,Active,Active,Active
3.45283E+14,1526695190,Nicholos,214449296,33,Newyork,10018,2/11/2019,Active,Active,Active
3.45283E+14,1526695191,Samuel,214449297,67,Newyork,10019,2/12/2019,Active,Active,Active
3.45283E+14,1526695192,Jose,214449298,22,Newyork,10020,2/13/2019,Active,Active,Active
3.45283E+14,1526695193,Henry,214449299,34,Newyork,10021,2/14/2019,Active,Active,Active
3.45283E+14,1526695194,Austin,214449300,35,Newjersy,7039,2/15/2019,Active,Active,Active
3.45283E+14,1526695195,Mike,214449301,36,North Carolina,27565,2/16/2019,Active,Active,Active
3.45283E+14,1526695196,John,214449302,37,Newyork,10005,2/17/2019,Active,Active,Active
3.45283E+14,1526695197,James,214449303,38,Newyork,10006,2/18/2019,Active,Active,Active
3.45283E+14,1526695198,Robert,214449304,39,Newyork,10007,1/20/2019,Active,Active,Active
3.45283E+14,1526695199,Thomas,214449305,40,Newyork,10008,1/21/2019,Active,Active,Active
3.45283E+14,1526695200,Charles,214449306,25,Newyork,10009,1/22/2019,Active,Active,Active
3.45283E+14,1526695201,Sam,214449307,26,Newyork,10010,1/23/2019,Active,Active,Active
3.45283E+14,1526695202,Antony,214449308,27,Newyork,10011,1/24/2019,Active,Active,Active
3.45283E+14,1526695203,Raj,214449309,28,Newyork,10012,1/25/2019,Active,Active,Active
3.45283E+14,1526695204,Brian,214449310,29,Newyork,10013,1/26/2019,Active,Active,Active
3.45283E+14,1526695205,Edward,214449311,30,Newyork,10014,1/27/2019,Active,Active,Active
3.45283E+14,1526695206,Gary,214449312,31,Newyork,10015,3/20/2020,Active,Active,Active
3.45283E+14,1526695207,Rinold,214449313,32,Newyork,10016,3/21/2020,Active,Active,Active
3.45283E+14,1526695208,Timoty,214449314,33,Newyork,10017,3/22/2020,Active,Active,Active
3.45283E+14,1526695209,Narry,214449315,34,Newyork,10018,3/23/2020,Active,Active,Active
3.45283E+14,1526695210,Nicholos,214449316,35,Newyork,10019,3/24/2020,Active,Active,Active
3.45283E+14,1526695211,Samuel,214449317,36,Newyork,10020,3/25/2020,Active,Active,Active
3.45283E+14,1526695212,Jose,214449318,37,Newyork,10021,12/1/2018,Active,Active,Active
3.45283E+14,1526695213,Henry,214449319,38,Ohio,44102,12/2/2018,Active,Active,Active
3.45283E+14,1526695214,Austin,214449320,39,Ohio,44103,12/3/2018,Active,Active,Active
3.45283E+14,1526695215,Mike,214449321,40,Ohio,44104,12/4/2018,Active,Active,Active
3.45283E+14,1526695216,John,214449322,41,Ohio,44105,12/5/2018,Active,Active,Active
3.45283E+14,1526695217,James,214449323,42,Ohio,44106,12/6/2018,Active,Active,Active
3.45283E+14,1526695218,Robert,214449324,43,Ohio,44107,12/7/2018,Active,Active,Active
3.45283E+14,1526695219,Thomas,214449325,44,Ohio,44108,12/8/2018,Active,Active,Active
3.45283E+14,1526695220,Charles,214449326,33,Ohio,44109,12/9/2018,Active,Active,Active
3.45283E+14,1526695221,Sam,214449327,23,Ohio,44110,12/10/2018,Active,Active,Active
3.45283E+14,1526695222,Antony,214449328,78,Ohio,44111,12/11/2018,Active,Active,Active
3.45283E+14,1526695223,Raj,214449329,68,Ohio,44112,12/12/2018,Active,Active,Active
3.45283E+14,1526695224,Brian,214449330,57,Ohio,44113,12/13/2018,Active,Active,Active
3.45283E+14,1526695225,Edward,214449331,25,Ohio,44114,1/12/2018,Active,Active,Active
3.45283E+14,1526695226,Gary,214449332,15,Ohio,44115,12/12/2018,Active,Active,Active
3.45283E+14,1526695227,Rinold,214449333,45,Ohio,44116,5/25/2018,Active,Active,Active
3.45283E+14,1526695228,Timoty,214449334,62,Ohio,44117,11/5/2017,Active,Active,Active
3.45283E+14,1526695229,Narry,214449335,15,Ohio,44118,4/18/2017,Active,Active,Active
3.45283E+14,1526695230,Nicholos,214449336,33,Ohio,44119,9/29/2019,Active,Active,Active
3.45283E+14,1526695231,Samuel,214449337,22,Ohio,44120,3/12/2016,Active,Active,Active
3.45283E+14,1526695232,Jose,214449338,78,Ohio,44121,8/24/2015,Active,Active,Active
3.45283E+14,1526695233,Henry,214449339,55,Ohio,44122,2/4/2019,Active,Active,Active
3.45283E+14,1526695234,Austin,214449340,44,Ohio,44123,2/5/2019,Active,Active,Active
3.45283E+14,1526695235,Mike,214449341,33,Ohio,44124,2/6/2019,Active,Active,Active
3.45283E+14,1526695236,John,214449342,22,Ohio,44125,2/7/2019,Active,Active,Active
3.45283E+14,1526695237,James,214449343,45,Ohio,44126,2/8/2019,Active,Active,Active
3.45283E+14,1526695238,Robert,214449344,54,Ohio,44127,2/9/2019,Active,Active,Active
3.45283E+14,1526695239,Thomas,214449345,44,Ohio,44128,2/10/2019,Active,Active,Active
3.45283E+14,1526695240,Charles,214449346,33,Ohio,44129,2/11/2019,Active,Active,Active
3.45283E+14,1526695241,Sam,214449347,67,Ohio,44130,2/12/2019,Active,Active,Active
3.45283E+14,1526695242,Antony,214449348,22,Ohio,44131,2/13/2019,Active,Active,Active
3.45283E+14,1526695243,Raj,214449349,34,Ohio,44132,2/14/2019,Active,Active,Active
3.45283E+14,1526695244,Brian,214449350,35,Ohio,44133,2/15/2019,Active,Active,Active
3.45283E+14,1526695245,Edward,214449351,36,Ohio,44134,2/16/2019,Active,Active,Active
3.45283E+14,1526695246,Gary,214449352,37,Ohio,44135,2/17/2019,Active,Active,Active
3.45283E+14,1526695247,Rinold,214449353,38,Ohio,44136,2/18/2019,Active,Active,Active
3.45283E+14,1526695248,Timoty,214449354,39,Ohio,44137,1/20/2019,Active,Active,Active
3.45283E+14,1526695249,Narry,214449355,40,Ohio,44138,1/21/2019,Active,Active,Active
3.45283E+14,1526695250,Nicholos,214449356,25,Ohio,44139,1/22/2019,Active,Active,Active
3.45283E+14,1526695251,Samuel,214449357,26,Ohio,44140,1/23/2019,Active,Active,Active
3.45283E+14,1526695252,Jose,214449358,27,Ohio,44141,1/24/2019,Active,Active,Active
3.45283E+14,1526695253,Henry,214449359,28,Ohio,44142,1/25/2019,Active,Active,Active
3.45283E+14,1526695254,Austin,214449360,29,Ohio,44143,1/26/2019,Active,Active,Active
3.45283E+14,1526695255,Mike,214449361,30,Michigan,49735,1/27/2019,Active,Active,Active
3.45283E+14,1526695256,John,214449362,31,Michigan,49735,3/20/2020,Active,Active,Active
3.45283E+14,1526695257,James,214449363,32,Michigan,49735,3/21/2020,Active,Active,Active
3.45283E+14,1526695258,Robert,214449364,33,Michigan,49735,3/22/2020,Active,Active,Active
3.45283E+14,1526695259,Thomas,214449365,34,Michigan,49735,3/23/2020,Active,Active,Active
3.45284E+14,1526695260,Charles,214449366,35,Michigan,49735,3/24/2020,Active,Active,Active
3.45284E+14,1526695261,Sam,214449367,36,Michigan,49735,3/25/2020,Active,Active,Active
3.45284E+14,1526695262,Antony,214449368,37,Michigan,49735,12/1/2018,Active,Active,Active
3.45284E+14,1526695263,Raj,214449369,38,Michigan,49735,12/2/2018,Active,Active,Active
3.45284E+14,1526695264,Brian,214449370,39,Michigan,49735,12/3/2018,Active,Active,Active
3.45284E+14,1526695265,Edward,214449371,40,Michigan,49735,12/4/2018,Active,Active,Active
3.45284E+14,1526695266,Gary,214449372,41,Michigan,49735,12/5/2018,Active,Active,Active
3.45284E+14,1526695267,Rinold,214449373,42,Michigan,49735,12/6/2018,Active,Active,Active
3.45284E+14,1526695268,Timoty,214449374,43,Michigan,49735,12/7/2018,Active,Active,Active
3.45284E+14,1526695269,Narry,214449375,44,Michigan,49735,12/8/2018,Active,Active,Active
3.45284E+14,1526695270,Nicholos,214449376,33,Michigan,49735,12/9/2018,Active,Active,Active
3.45284E+14,1526695271,Samuel,214449377,23,Michigan,49735,12/10/2018,Active,Active,Active
3.45284E+14,1526695272,Jose,214449378,78,Michigan,49735,12/11/2018,Active,Active,Active
3.45284E+14,1526695273,Henry,214449379,68,Michigan,49735,12/12/2018,InActive,Active,Active
3.45284E+14,1526695274,Austin,214449380,57,Michigan,49735,12/13/2018,InActive,Active,Active
3.45284E+14,1526695270,Nicholos,214449376,33,Michigan,49735,12/9/2018,Active,Active,Active
3.45284E+14,1526695271,Samuel,214449377,23,Michigan,49735,12/10/2018,Active,Active,Active
3.45284E+14,1526695272,Jose,214449378,78,Michigan,49735,12/11/2018,Active,Active,Active
3.45284E+14,1526695273,Henry,214449379,68,Michigan,49735,12/12/2018,InActive,Active,Active
3.45284E+14,1526695274,Austin,214449380,57,Michigan,49735,12/13/2018,InActive,Active,Active
